السلام	عليكم	5000
صباح	الخير	8700
مساء	الخير	8700
شكرا	لك	4400
شكرا	جزيلا	4300
من	فضلك	4200
كيف	حالك	4100
أهلا	وسهلا	4000
الحمد	لله	3900
إن	شاء	8300
على	الله	3700
في	الوقت	3600
في	العالم	3500
في	حالة	3400
في	هذا	3300
في	هذه	3200
من	أجل	3100
من	خلال	3000
على	الرغم	2900
إلى	اللقاء	2800
إلى	أين	2700
لا	أعرف	2600
لا	يمكن	2500
لا	يوجد	2400
ما	شاء	2300
ما	هو	2200
ما	هي	2100
هل	يمكن	2000
كل	عام	1900
عام	وأنتم	1800
وأنت	بخير	1700
بسم	الله	6200
رسول	الله	1500
حقوق	الإنسان	1400
وسائل	التواصل	1300
اللغة	العربية	1200
الذكاء	الاصطناعي	1100
لوحة	المفاتيح	1000
تطبيق	الهاتف	950
الوقت	الحالي	900
اليوم	التالي	850
يوم	جميل	800
عمل	رائع	760
بشكل	جيد	720
بكل	تأكيد	680
حتى	الآن	640
بعد	ذلك	600
قبل	قليل	560
مرة	أخرى	520
أكثر	من	480
أقل	من	440
واحد	من	400
الكثير	من	360
العديد	من	320
أريد	أن	300
يجب	أن	290
يمكن	أن	280
سوف	يكون	270
كان	هناك	260
هذا	هو	250
هذه	هي	240
الله	يحفظك	9300
الله	يسعدك	9200
الله	أكبر	8900
الله	العظيم	8800
صلى	الله	5800
لا	إله	5600
إله	إلا	5500
الله	يرعاك	9100
الله	يبارك	9000
صباح	الورد	8600
صباح	النور	8500
صباح	الجمال	8400
مساء	الورد	8600
مساء	النور	8500
مساء	الياسمين	8400
جزاك	الله	8200
