إن	شاء	الله	9500
صلى	الله	عليه	4800
الله	عليه	وسلم	4700
كل	عام	وأنتم	4500
عام	وأنتم	بخير	4400
السلام	عليكم	ورحمة	4200
عليكم	ورحمة	الله	4100
في	هذا	الوقت	3900
في	نفس	الوقت	3800
من	أجل	أن	3700
على	الرغم	من	3600
لا	بد	من	3500
لا	يمكن	أن	3400
هل	يمكن	أن	3300
أريد	أن	أقول	3200
أريد	أن	أعرف	3100
يجب	أن	يكون	3000
يمكن	أن	يكون	2900
من	وجهة	نظري	2800
في	جميع	أنحاء	2700
واحد	من	أهم	2600
الكثير	من	الناس	2500
في	الوقت	الحالي	2400
في	اليوم	التالي	2300
شكرا	جزيلا	لك	2200
صباح	الخير	جميعا	2100
مساء	الخير	جميعا	2000
لوحة	المفاتيح	العربية	1900
الذكاء	الاصطناعي	التوليدي	1800
بسم	الله	الرحمن	12000
بسم	الله	الرحيم	11000
لا	إله	إلا	8500
إله	إلا	الله	8400
صلى	الله	وسلم	4600
ما	شاء	الله	4550
كل	عام	وأنت	4450
كيف	حالك	اليوم	3500
بسم	الله	مجراها	10000
جزاك	الله	خيرا	9000
