thank	you	5000
good	morning	4800
good	evening	4600
how	are	4400
are	you	4300
you	are	4200
i	am	4100
i	have	4000
i	think	3900
i	want	3800
i	need	3700
i	know	3600
do	you	3500
can	you	3400
could	you	3300
would	you	3200
please	let	3100
let	me	3000
see	you	2900
talk	to	2800
have	a	2700
have	been	2600
has	been	2500
will	be	2400
going	to	2300
want	to	2200
need	to	2100
able	to	2000
one	of	1900
some	of	1800
most	of	1700
more	than	1600
less	than	1500
in	the	1400
on	the	1350
at	the	1300
to	the	1250
for	the	1200
from	the	1150
with	the	1100
of	the	1050
this	is	1000
that	is	950
there	is	900
there	are	850
it	is	800
as	a	760
such	as	720
for	example	680
right	now	640
next	time	600
last	time	560
very	good	520
sounds	good	480
great	job	440
happy	birthday	400
best	wishes	360
keyboard	layout	320
artificial	intelligence	300
machine	learning	290
user	interface	280
open	source	270
