thank	you	very	5000
you	very	much	4900
how	are	you	4800
i	am	going	4700
i	want	to	4600
i	need	to	4500
i	would	like	4400
would	like	to	4300
do	you	want	4200
can	you	please	4100
could	you	please	4000
let	me	know	3900
as	soon	as	3800
soon	as	possible	3700
one	of	the	3600
some	of	the	3500
most	of	the	3400
in	order	to	3300
at	the	same	3200
for	the	first	3100
on	the	other	3000
there	is	a	2900
there	are	many	2800
this	is	a	2700
it	is	a	2600
have	a	great	2500
have	a	nice	2400
see	you	soon	2300
happy	birthday	to	2200
artificial	intelligence	model	2100
user	interface	design	2000
